DATE;DS_HOLIDAY_NAME
2020-01-01;PO
2020-01-24;LJ
2020-01-25;PI
2020-01-26;RJ
2020-01-27;RJ
2020-01-28;RJ
2020-01-29;RJ
2020-01-30;RJ
2020-01-31;RJ
2020-02-01;RJ
2020-02-02;RJ
2020-02-08;OR
2020-02-24;YA
2020-03-08;SU
2020-03-12;XO
2020-03-20;SS
2020-04-04;WQ
2020-04-05;KR
2020-04-06;KR
2020-05-01;SH
2020-05-02;FU
2020-05-03;FU
2020-05-04;FU
2020-05-04;BX
2020-05-05;FU
2020-06-01;KV
2020-06-21;SB
2020-06-25;AC
2020-06-26;XM
2020-06-27;XM
2020-07-01;AJ
2020-07-11;MA
2020-08-01;XS
2020-08-25;CU
2020-09-02;HY
2020-09-10;VZ
2020-09-22;BW
2020-10-01;QV
2020-10-01;HD
2020-10-02;RJ
2020-10-03;RJ
2020-10-04;RJ
2020-10-05;RJ
2020-10-06;RJ
2020-10-07;RJ
2020-10-08;RJ
2020-10-25;WO
2020-11-08;CO
2020-12-21;KH
2020-12-25;HJ
2021-01-01;PO
2021-01-02;JR
2021-01-03;JR
2021-02-11;LJ
2021-02-12;PI
2021-02-13;RJ
2021-02-14;RJ
2021-02-15;RJ
2021-02-16;RJ
2021-02-17;RJ
2021-02-26;OR
2021-03-08;SU
2021-03-12;XO
2021-03-14;YA
2021-03-20;SS
2021-04-03;KR
2021-04-04;KR
2021-04-05;WQ
2021-05-01;SH
2021-05-02;FU
2021-05-03;FU
2021-05-04;FU
2021-05-04;BX
2021-05-05;FU
2021-06-01;KV
2021-06-12;XM
2021-06-13;XM
2021-06-14;AC
2021-06-21;SB
2021-07-01;AJ
2021-07-11;MA
2021-08-01;XS
2021-08-14;CU
2021-08-22;HY
2021-09-10;VZ
2021-09-19;VC
2021-09-20;VC
2021-09-21;HD
2021-09-23;BW
2021-10-01;QV
2021-10-02;RJ
2021-10-03;RJ
2021-10-04;RJ
2021-10-05;RJ
2021-10-06;RJ
2021-10-07;RJ
2021-10-14;WO
2021-11-08;CO
2021-12-21;KH
2021-12-25;HJ
2022-01-01;PO
2022-01-02;JR
2022-01-03;JR
2022-01-31;LJ
2022-02-01;PI
2022-02-02;RJ
2022-02-03;RJ
2022-02-04;RJ
2022-02-05;RJ
2022-02-06;RJ
2022-02-15;OR
2022-03-04;YA
2022-03-08;SU
2022-03-12;XO
2022-03-20;SS
2022-04-03;KR
2022-04-04;KR
2022-04-05;WQ
2022-04-30;FU
2022-05-01;SH
2022-05-02;FU
2022-05-03;FU
2022-05-04;FU
2022-05-04;BX
2022-06-01;KV
2022-06-03;AC
2022-06-04;XM
2022-06-05;XM
2022-06-21;SB
2022-07-01;AJ
2022-07-11;MA
2022-08-01;XS
2022-08-04;CU
2022-08-12;HY
2022-09-10;VZ
2022-09-10;HD
2022-09-11;VC
2022-09-12;VC
2022-09-23;BW
2022-10-01;QV
2022-10-02;RJ
2022-10-03;RJ
2022-10-04;RJ
2022-10-04;WO
2022-10-05;RJ
2022-10-06;RJ
2022-10-07;RJ
2022-11-08;CO
2022-12-22;KH
2022-12-25;HJ
